{
  "total": 1273,
  "correct": 704,
  "accuracy": 0.5530243519245875,
  "with_context_count": 1273,
  "with_context_accuracy": 0.5530243519245875,
  "without_context_count": 0,
  "without_context_accuracy": 0.0,
  "by_subject": {
    "UNKNOWN": {
      "count": 1273,
      "accuracy": 0.5530243519245875
    }
  },
  "by_choice_type": {
    "single": {
      "count": 1273,
      "accuracy": 0.5530243519245875
    }
  },
  "confusion_matrix": {
    "labels": [
      "A",
      "B",
      "C",
      "D",
      "E"
    ],
    "matrix": [
      [
        156,
        27,
        40,
        36,
        14
      ],
      [
        40,
        162,
        33,
        22,
        20
      ],
      [
        28,
        22,
        145,
        28,
        29
      ],
      [
        45,
        17,
        30,
        152,
        25
      ],
      [
        32,
        17,
        40,
        24,
        89
      ]
    ]
  },
  "coverage": {
    "mean": 3.476040848389631,
    "min": 2,
    "max": 6,
    "median": 3,
    "p25": 3,
    "p75": 4,
    "with_context": 1273,
    "without_context": 0
  },
  "elapsed_seconds": 1092.5241944789886,
  "examples_per_second": 1.1651915869992042
}