{
  "total": 1273,
  "correct": 751,
  "accuracy": 0.5899450117831894,
  "with_context_count": 1273,
  "with_context_accuracy": 0.5899450117831894,
  "without_context_count": 0,
  "without_context_accuracy": 0.0,
  "by_subject": {
    "UNKNOWN": {
      "count": 1273,
      "accuracy": 0.5899450117831894
    }
  },
  "by_choice_type": {
    "single": {
      "count": 1273,
      "accuracy": 0.5899450117831894
    }
  },
  "confusion_matrix": {
    "labels": [
      "A",
      "B",
      "C",
      "D",
      "E"
    ],
    "matrix": [
      [
        172,
        36,
        27,
        21,
        16
      ],
      [
        54,
        164,
        25,
        18,
        14
      ],
      [
        31,
        23,
        163,
        20,
        14
      ],
      [
        51,
        23,
        27,
        155,
        13
      ],
      [
        37,
        21,
        33,
        14,
        97
      ]
    ]
  },
  "coverage": {
    "mean": 3.473684210526316,
    "min": 2,
    "max": 5,
    "median": 3,
    "p25": 3,
    "p75": 4,
    "with_context": 1273,
    "without_context": 0
  },
  "elapsed_seconds": 4497.025095939636,
  "examples_per_second": 0.28307602756084055
}