{
  "total": 1273,
  "correct": 764,
  "accuracy": 0.6001571091908877,
  "with_context_count": 1273,
  "with_context_accuracy": 0.6001571091908877,
  "without_context_count": 0,
  "without_context_accuracy": 0.0,
  "by_subject": {
    "UNKNOWN": {
      "count": 1273,
      "accuracy": 0.6001571091908877
    }
  },
  "by_choice_type": {
    "single": {
      "count": 1273,
      "accuracy": 0.6001571091908877
    }
  },
  "confusion_matrix": {
    "labels": [
      "A",
      "B",
      "C",
      "D",
      "E"
    ],
    "matrix": [
      [
        154,
        41,
        35,
        22,
        20
      ],
      [
        33,
        184,
        23,
        22,
        14
      ],
      [
        18,
        26,
        174,
        18,
        16
      ],
      [
        24,
        35,
        33,
        160,
        16
      ],
      [
        31,
        30,
        30,
        19,
        92
      ]
    ]
  },
  "coverage": {
    "mean": 3.3487824037706204,
    "min": 2,
    "max": 6,
    "median": 3,
    "p25": 3,
    "p75": 4,
    "with_context": 1273,
    "without_context": 0
  },
  "elapsed_seconds": 761.4987754821777,
  "examples_per_second": 1.6717032790944961
}