{
  "total": 1273,
  "correct": 749,
  "accuracy": 0.5883739198743126,
  "with_context_count": 1273,
  "with_context_accuracy": 0.5883739198743126,
  "without_context_count": 0,
  "without_context_accuracy": 0.0,
  "by_subject": {
    "UNKNOWN": {
      "count": 1273,
      "accuracy": 0.5883739198743126
    }
  },
  "by_choice_type": {
    "single": {
      "count": 1273,
      "accuracy": 0.5883739198743126
    }
  },
  "confusion_matrix": {
    "labels": [
      "A",
      "B",
      "C",
      "D",
      "E"
    ],
    "matrix": [
      [
        171,
        19,
        35,
        33,
        15
      ],
      [
        41,
        160,
        28,
        23,
        25
      ],
      [
        31,
        15,
        154,
        32,
        19
      ],
      [
        36,
        20,
        27,
        165,
        21
      ],
      [
        23,
        22,
        40,
        18,
        99
      ]
    ]
  },
  "coverage": {
    "mean": 3.446190102120974,
    "min": 2,
    "max": 5,
    "median": 3,
    "p25": 3,
    "p75": 4,
    "with_context": 1273,
    "without_context": 0
  },
  "elapsed_seconds": 678.4918179512024,
  "examples_per_second": 1.87622011985936
}