{
  "total": 1273,
  "correct": 762,
  "accuracy": 0.598586017282011,
  "with_context_count": 1273,
  "with_context_accuracy": 0.598586017282011,
  "without_context_count": 0,
  "without_context_accuracy": 0.0,
  "by_subject": {
    "UNKNOWN": {
      "count": 1273,
      "accuracy": 0.598586017282011
    }
  },
  "by_choice_type": {
    "single": {
      "count": 1273,
      "accuracy": 0.598586017282011
    }
  },
  "confusion_matrix": {
    "labels": [
      "A",
      "B",
      "C",
      "D",
      "E"
    ],
    "matrix": [
      [
        155,
        47,
        34,
        21,
        16
      ],
      [
        32,
        185,
        30,
        17,
        12
      ],
      [
        16,
        31,
        173,
        17,
        14
      ],
      [
        30,
        33,
        33,
        156,
        17
      ],
      [
        28,
        25,
        37,
        19,
        93
      ]
    ]
  },
  "coverage": {
    "mean": 3.4791830322073842,
    "min": 2,
    "max": 6,
    "median": 3,
    "p25": 3,
    "p75": 4,
    "with_context": 1273,
    "without_context": 0
  },
  "elapsed_seconds": 752.9708857536316,
  "examples_per_second": 1.690636416474301
}