{
  "total": 1273,
  "correct": 747,
  "accuracy": 0.5868028279654359,
  "with_context_count": 1273,
  "with_context_accuracy": 0.5868028279654359,
  "without_context_count": 0,
  "without_context_accuracy": 0.0,
  "by_subject": {
    "UNKNOWN": {
      "count": 1273,
      "accuracy": 0.5868028279654359
    }
  },
  "by_choice_type": {
    "single": {
      "count": 1273,
      "accuracy": 0.5868028279654359
    }
  },
  "confusion_matrix": {
    "labels": [
      "A",
      "B",
      "C",
      "D",
      "E"
    ],
    "matrix": [
      [
        166,
        18,
        42,
        33,
        14
      ],
      [
        38,
        163,
        31,
        21,
        24
      ],
      [
        36,
        18,
        153,
        26,
        18
      ],
      [
        37,
        21,
        26,
        165,
        20
      ],
      [
        24,
        18,
        43,
        17,
        100
      ]
    ]
  },
  "coverage": {
    "mean": 3.4336213668499607,
    "min": 2,
    "max": 5,
    "median": 3,
    "p25": 3,
    "p75": 4,
    "with_context": 1273,
    "without_context": 0
  },
  "elapsed_seconds": 1223.0337550640106,
  "examples_per_second": 1.0408543466025386
}