{
  "total": 1273,
  "correct": 768,
  "accuracy": 0.603299293008641,
  "with_context_count": 1273,
  "with_context_accuracy": 0.603299293008641,
  "without_context_count": 0,
  "without_context_accuracy": 0.0,
  "by_subject": {
    "UNKNOWN": {
      "count": 1273,
      "accuracy": 0.603299293008641
    }
  },
  "by_choice_type": {
    "single": {
      "count": 1273,
      "accuracy": 0.603299293008641
    }
  },
  "confusion_matrix": {
    "labels": [
      "A",
      "B",
      "C",
      "D",
      "E"
    ],
    "matrix": [
      [
        182,
        22,
        32,
        20,
        16
      ],
      [
        48,
        166,
        23,
        23,
        16
      ],
      [
        29,
        21,
        164,
        19,
        18
      ],
      [
        47,
        20,
        28,
        160,
        14
      ],
      [
        39,
        23,
        31,
        13,
        96
      ]
    ]
  },
  "coverage": {
    "mean": 3.438334642576591,
    "min": 2,
    "max": 5,
    "median": 3,
    "p25": 3,
    "p75": 4,
    "with_context": 1273,
    "without_context": 0
  },
  "elapsed_seconds": 4391.90949344635,
  "examples_per_second": 0.2898511460446949
}