{
  "total": 1273,
  "correct": 756,
  "accuracy": 0.593872741555381,
  "with_context_count": 1273,
  "with_context_accuracy": 0.593872741555381,
  "without_context_count": 0,
  "without_context_accuracy": 0.0,
  "by_subject": {
    "UNKNOWN": {
      "count": 1273,
      "accuracy": 0.593872741555381
    }
  },
  "by_choice_type": {
    "single": {
      "count": 1273,
      "accuracy": 0.593872741555381
    }
  },
  "confusion_matrix": {
    "labels": [
      "A",
      "B",
      "C",
      "D",
      "E"
    ],
    "matrix": [
      [
        155,
        47,
        33,
        22,
        16
      ],
      [
        33,
        182,
        31,
        17,
        13
      ],
      [
        17,
        31,
        171,
        18,
        14
      ],
      [
        31,
        32,
        33,
        155,
        18
      ],
      [
        29,
        24,
        37,
        19,
        93
      ]
    ]
  },
  "coverage": {
    "mean": 3.476040848389631,
    "min": 2,
    "max": 6,
    "median": 3,
    "p25": 3,
    "p75": 4,
    "with_context": 1273,
    "without_context": 0
  },
  "elapsed_seconds": 758.7193171977997,
  "examples_per_second": 1.6778273218370243
}