{
  "total": 1273,
  "correct": 723,
  "accuracy": 0.5679497250589159,
  "with_context_count": 1273,
  "with_context_accuracy": 0.5679497250589159,
  "without_context_count": 0,
  "without_context_accuracy": 0.0,
  "by_subject": {
    "UNKNOWN": {
      "count": 1273,
      "accuracy": 0.5679497250589159
    }
  },
  "by_choice_type": {
    "single": {
      "count": 1273,
      "accuracy": 0.5679497250589159
    }
  },
  "confusion_matrix": {
    "labels": [
      "A",
      "B",
      "C",
      "D",
      "E"
    ],
    "matrix": [
      [
        158,
        25,
        39,
        32,
        19
      ],
      [
        41,
        164,
        29,
        21,
        22
      ],
      [
        27,
        20,
        149,
        31,
        25
      ],
      [
        37,
        17,
        40,
        155,
        20
      ],
      [
        27,
        16,
        42,
        20,
        97
      ]
    ]
  },
  "coverage": {
    "mean": 3.481539670070699,
    "min": 2,
    "max": 6,
    "median": 3,
    "p25": 3,
    "p75": 4,
    "with_context": 1273,
    "without_context": 0
  },
  "elapsed_seconds": 1190.4654355049133,
  "examples_per_second": 1.0693296605122191
}