{
  "total": 1273,
  "correct": 763,
  "accuracy": 0.5993715632364494,
  "with_context_count": 1273,
  "with_context_accuracy": 0.5993715632364494,
  "without_context_count": 0,
  "without_context_accuracy": 0.0,
  "by_subject": {
    "UNKNOWN": {
      "count": 1273,
      "accuracy": 0.5993715632364494
    }
  },
  "by_choice_type": {
    "single": {
      "count": 1273,
      "accuracy": 0.5993715632364494
    }
  },
  "confusion_matrix": {
    "labels": [
      "A",
      "B",
      "C",
      "D",
      "E"
    ],
    "matrix": [
      [
        159,
        35,
        38,
        25,
        15
      ],
      [
        28,
        179,
        30,
        26,
        12
      ],
      [
        22,
        25,
        168,
        20,
        17
      ],
      [
        34,
        31,
        30,
        165,
        9
      ],
      [
        29,
        36,
        29,
        16,
        92
      ]
    ]
  },
  "coverage": {
    "mean": 3.4351924587588374,
    "min": 2,
    "max": 5,
    "median": 3,
    "p25": 3,
    "p75": 4,
    "with_context": 1273,
    "without_context": 0
  },
  "elapsed_seconds": 834.921909570694,
  "examples_per_second": 1.5246934897834459
}