{
  "total": 1273,
  "correct": 727,
  "accuracy": 0.5710919088766693,
  "with_context_count": 1273,
  "with_context_accuracy": 0.5710919088766693,
  "without_context_count": 0,
  "without_context_accuracy": 0.0,
  "by_subject": {
    "UNKNOWN": {
      "count": 1273,
      "accuracy": 0.5710919088766693
    }
  },
  "by_choice_type": {
    "single": {
      "count": 1273,
      "accuracy": 0.5710919088766693
    }
  },
  "confusion_matrix": {
    "labels": [
      "A",
      "B",
      "C",
      "D",
      "E"
    ],
    "matrix": [
      [
        157,
        31,
        34,
        26,
        23
      ],
      [
        47,
        179,
        21,
        17,
        12
      ],
      [
        37,
        20,
        160,
        16,
        19
      ],
      [
        43,
        31,
        30,
        142,
        22
      ],
      [
        35,
        24,
        37,
        17,
        89
      ]
    ]
  },
  "coverage": {
    "mean": 3.3440691280439907,
    "min": 2,
    "max": 6,
    "median": 3,
    "p25": 3,
    "p75": 4,
    "with_context": 1273,
    "without_context": 0
  },
  "elapsed_seconds": 4027.1011140346527,
  "examples_per_second": 0.31610827837511457
}