{
  "total": 1273,
  "correct": 750,
  "accuracy": 0.589159465828751,
  "with_context_count": 1273,
  "with_context_accuracy": 0.589159465828751,
  "without_context_count": 0,
  "without_context_accuracy": 0.0,
  "by_subject": {
    "UNKNOWN": {
      "count": 1273,
      "accuracy": 0.589159465828751
    }
  },
  "by_choice_type": {
    "single": {
      "count": 1273,
      "accuracy": 0.589159465828751
    }
  },
  "confusion_matrix": {
    "labels": [
      "A",
      "B",
      "C",
      "D",
      "E"
    ],
    "matrix": [
      [
        153,
        36,
        39,
        26,
        18
      ],
      [
        29,
        176,
        31,
        25,
        15
      ],
      [
        21,
        29,
        164,
        19,
        19
      ],
      [
        32,
        32,
        30,
        165,
        10
      ],
      [
        29,
        35,
        30,
        16,
        92
      ]
    ]
  },
  "coverage": {
    "mean": 3.446190102120974,
    "min": 2,
    "max": 5,
    "median": 3,
    "p25": 3,
    "p75": 4,
    "with_context": 1273,
    "without_context": 0
  },
  "elapsed_seconds": 466.9282124042511,
  "examples_per_second": 2.7263291576347894
}