{
  "total": 1273,
  "correct": 720,
  "accuracy": 0.565593087195601,
  "with_context_count": 1273,
  "with_context_accuracy": 0.565593087195601,
  "without_context_count": 0,
  "without_context_accuracy": 0.0,
  "by_subject": {
    "UNKNOWN": {
      "count": 1273,
      "accuracy": 0.565593087195601
    }
  },
  "by_choice_type": {
    "single": {
      "count": 1273,
      "accuracy": 0.565593087195601
    }
  },
  "confusion_matrix": {
    "labels": [
      "A",
      "B",
      "C",
      "D",
      "E"
    ],
    "matrix": [
      [
        148,
        46,
        33,
        27,
        19
      ],
      [
        28,
        169,
        38,
        28,
        14
      ],
      [
        19,
        36,
        158,
        20,
        19
      ],
      [
        28,
        38,
        38,
        151,
        13
      ],
      [
        23,
        36,
        29,
        20,
        94
      ]
    ]
  },
  "coverage": {
    "mean": 3.495679497250589,
    "min": 2,
    "max": 6,
    "median": 3,
    "p25": 3,
    "p75": 4,
    "with_context": 1273,
    "without_context": 0
  },
  "elapsed_seconds": 660.2185695171356,
  "examples_per_second": 1.9281493414083075
}