{
  "total": 1273,
  "correct": 722,
  "accuracy": 0.5671641791044776,
  "with_context_count": 1273,
  "with_context_accuracy": 0.5671641791044776,
  "without_context_count": 0,
  "without_context_accuracy": 0.0,
  "by_subject": {
    "UNKNOWN": {
      "count": 1273,
      "accuracy": 0.5671641791044776
    }
  },
  "by_choice_type": {
    "single": {
      "count": 1273,
      "accuracy": 0.5671641791044776
    }
  },
  "confusion_matrix": {
    "labels": [
      "A",
      "B",
      "C",
      "D",
      "E"
    ],
    "matrix": [
      [
        157,
        25,
        38,
        34,
        19
      ],
      [
        41,
        164,
        28,
        21,
        23
      ],
      [
        27,
        22,
        147,
        30,
        26
      ],
      [
        36,
        18,
        38,
        156,
        21
      ],
      [
        29,
        16,
        41,
        18,
        98
      ]
    ]
  },
  "coverage": {
    "mean": 3.4791830322073842,
    "min": 2,
    "max": 6,
    "median": 3,
    "p25": 3,
    "p75": 4,
    "with_context": 1273,
    "without_context": 0
  },
  "elapsed_seconds": 1224.0243034362793,
  "examples_per_second": 1.040012029521169
}