{
  "total": 1273,
  "correct": 697,
  "accuracy": 0.5475255302435192,
  "with_context_count": 1273,
  "with_context_accuracy": 0.5475255302435192,
  "without_context_count": 0,
  "without_context_accuracy": 0.0,
  "by_subject": {
    "UNKNOWN": {
      "count": 1273,
      "accuracy": 0.5475255302435192
    }
  },
  "by_choice_type": {
    "single": {
      "count": 1273,
      "accuracy": 0.5475255302435192
    }
  },
  "confusion_matrix": {
    "labels": [
      "A",
      "B",
      "C",
      "D",
      "E"
    ],
    "matrix": [
      [
        163,
        25,
        41,
        27,
        16
      ],
      [
        40,
        150,
        36,
        30,
        21
      ],
      [
        33,
        24,
        143,
        25,
        27
      ],
      [
        38,
        25,
        35,
        149,
        22
      ],
      [
        29,
        17,
        37,
        27,
        92
      ]
    ]
  },
  "coverage": {
    "mean": 3.495679497250589,
    "min": 2,
    "max": 6,
    "median": 3,
    "p25": 3,
    "p75": 4,
    "with_context": 1273,
    "without_context": 0
  },
  "elapsed_seconds": 872.0746791362762,
  "examples_per_second": 1.4597373716443756
}