{
  "total": 1273,
  "correct": 758,
  "accuracy": 0.5954438334642577,
  "with_context_count": 1273,
  "with_context_accuracy": 0.5954438334642577,
  "without_context_count": 0,
  "without_context_accuracy": 0.0,
  "by_subject": {
    "UNKNOWN": {
      "count": 1273,
      "accuracy": 0.5954438334642577
    }
  },
  "by_choice_type": {
    "single": {
      "count": 1273,
      "accuracy": 0.5954438334642577
    }
  },
  "confusion_matrix": {
    "labels": [
      "A",
      "B",
      "C",
      "D",
      "E"
    ],
    "matrix": [
      [
        154,
        41,
        35,
        22,
        20
      ],
      [
        33,
        182,
        23,
        22,
        16
      ],
      [
        18,
        26,
        174,
        19,
        15
      ],
      [
        25,
        35,
        35,
        157,
        16
      ],
      [
        31,
        30,
        30,
        20,
        91
      ]
    ]
  },
  "coverage": {
    "mean": 3.3511390416339357,
    "min": 2,
    "max": 6,
    "median": 3,
    "p25": 3,
    "p75": 4,
    "with_context": 1273,
    "without_context": 0
  },
  "elapsed_seconds": 748.88498878479,
  "examples_per_second": 1.6998604846729368
}