{
  "total": 1273,
  "correct": 746,
  "accuracy": 0.5860172820109977,
  "with_context_count": 1273,
  "with_context_accuracy": 0.5860172820109977,
  "without_context_count": 0,
  "without_context_accuracy": 0.0,
  "by_subject": {
    "UNKNOWN": {
      "count": 1273,
      "accuracy": 0.5860172820109977
    }
  },
  "by_choice_type": {
    "single": {
      "count": 1273,
      "accuracy": 0.5860172820109977
    }
  },
  "confusion_matrix": {
    "labels": [
      "A",
      "B",
      "C",
      "D",
      "E"
    ],
    "matrix": [
      [
        165,
        17,
        44,
        33,
        14
      ],
      [
        39,
        164,
        30,
        21,
        23
      ],
      [
        35,
        18,
        153,
        27,
        18
      ],
      [
        38,
        21,
        27,
        164,
        19
      ],
      [
        23,
        19,
        43,
        17,
        100
      ]
    ]
  },
  "coverage": {
    "mean": 3.429693637077769,
    "min": 2,
    "max": 5,
    "median": 3,
    "p25": 3,
    "p75": 4,
    "with_context": 1273,
    "without_context": 0
  },
  "elapsed_seconds": 1149.2047731876373,
  "examples_per_second": 1.1077225136030215
}