{
  "total": 1273,
  "correct": 769,
  "accuracy": 0.6040848389630793,
  "with_context_count": 1273,
  "with_context_accuracy": 0.6040848389630793,
  "without_context_count": 0,
  "without_context_accuracy": 0.0,
  "by_subject": {
    "UNKNOWN": {
      "count": 1273,
      "accuracy": 0.6040848389630793
    }
  },
  "by_choice_type": {
    "single": {
      "count": 1273,
      "accuracy": 0.6040848389630793
    }
  },
  "confusion_matrix": {
    "labels": [
      "A",
      "B",
      "C",
      "D",
      "E"
    ],
    "matrix": [
      [
        152,
        40,
        33,
        23,
        23
      ],
      [
        33,
        183,
        23,
        21,
        14
      ],
      [
        19,
        30,
        170,
        20,
        13
      ],
      [
        26,
        30,
        33,
        165,
        14
      ],
      [
        26,
        27,
        36,
        14,
        99
      ]
    ]
  },
  "coverage": {
    "mean": 3.4791830322073842,
    "min": 2,
    "max": 6,
    "median": 3,
    "p25": 3,
    "p75": 4,
    "with_context": 1273,
    "without_context": 0
  },
  "elapsed_seconds": 839.1746332645416,
  "examples_per_second": 1.5169667308076258
}