{
  "total": 1273,
  "correct": 755,
  "accuracy": 0.5930871956009427,
  "with_context_count": 1273,
  "with_context_accuracy": 0.5930871956009427,
  "without_context_count": 0,
  "without_context_accuracy": 0.0,
  "by_subject": {
    "UNKNOWN": {
      "count": 1273,
      "accuracy": 0.5930871956009427
    }
  },
  "by_choice_type": {
    "single": {
      "count": 1273,
      "accuracy": 0.5930871956009427
    }
  },
  "confusion_matrix": {
    "labels": [
      "A",
      "B",
      "C",
      "D",
      "E"
    ],
    "matrix": [
      [
        153,
        36,
        39,
        22,
        23
      ],
      [
        29,
        178,
        32,
        25,
        13
      ],
      [
        17,
        30,
        174,
        16,
        14
      ],
      [
        29,
        28,
        38,
        162,
        12
      ],
      [
        26,
        34,
        35,
        19,
        88
      ]
    ]
  },
  "coverage": {
    "mean": 3.342498036135114,
    "min": 2,
    "max": 5,
    "median": 3,
    "p25": 3,
    "p75": 4,
    "with_context": 1273,
    "without_context": 0
  },
  "elapsed_seconds": 3079.1611366271973,
  "examples_per_second": 0.4134242878222341
}