{
  "total": 1273,
  "correct": 719,
  "accuracy": 0.5648075412411626,
  "with_context_count": 1273,
  "with_context_accuracy": 0.5648075412411626,
  "without_context_count": 0,
  "without_context_accuracy": 0.0,
  "by_subject": {
    "UNKNOWN": {
      "count": 1273,
      "accuracy": 0.5648075412411626
    }
  },
  "by_choice_type": {
    "single": {
      "count": 1273,
      "accuracy": 0.5648075412411626
    }
  },
  "confusion_matrix": {
    "labels": [
      "A",
      "B",
      "C",
      "D",
      "E"
    ],
    "matrix": [
      [
        162,
        29,
        38,
        26,
        18
      ],
      [
        44,
        160,
        27,
        23,
        23
      ],
      [
        29,
        21,
        154,
        24,
        24
      ],
      [
        37,
        17,
        36,
        153,
        26
      ],
      [
        35,
        15,
        38,
        24,
        90
      ]
    ]
  },
  "coverage": {
    "mean": 3.3597800471327575,
    "min": 2,
    "max": 6,
    "median": 3,
    "p25": 3,
    "p75": 4,
    "with_context": 1273,
    "without_context": 0
  },
  "elapsed_seconds": 1125.147910118103,
  "examples_per_second": 1.1314068030987832
}