{
  "total": 1273,
  "correct": 752,
  "accuracy": 0.5907305577376276,
  "with_context_count": 1273,
  "with_context_accuracy": 0.5907305577376276,
  "without_context_count": 0,
  "without_context_accuracy": 0.0,
  "by_subject": {
    "UNKNOWN": {
      "count": 1273,
      "accuracy": 0.5907305577376276
    }
  },
  "by_choice_type": {
    "single": {
      "count": 1273,
      "accuracy": 0.5907305577376276
    }
  },
  "confusion_matrix": {
    "labels": [
      "A",
      "B",
      "C",
      "D",
      "E"
    ],
    "matrix": [
      [
        155,
        39,
        34,
        27,
        17
      ],
      [
        29,
        184,
        25,
        25,
        13
      ],
      [
        20,
        30,
        168,
        19,
        15
      ],
      [
        28,
        33,
        32,
        158,
        17
      ],
      [
        31,
        32,
        35,
        17,
        87
      ]
    ]
  },
  "coverage": {
    "mean": 3.3440691280439907,
    "min": 2,
    "max": 6,
    "median": 3,
    "p25": 3,
    "p75": 4,
    "with_context": 1273,
    "without_context": 0
  },
  "elapsed_seconds": 377.8770580291748,
  "examples_per_second": 3.368820554069507
}