{
  "total": 1273,
  "correct": 770,
  "accuracy": 0.6048703849175177,
  "with_context_count": 1273,
  "with_context_accuracy": 0.6048703849175177,
  "without_context_count": 0,
  "without_context_accuracy": 0.0,
  "by_subject": {
    "UNKNOWN": {
      "count": 1273,
      "accuracy": 0.6048703849175177
    }
  },
  "by_choice_type": {
    "single": {
      "count": 1273,
      "accuracy": 0.6048703849175177
    }
  },
  "confusion_matrix": {
    "labels": [
      "A",
      "B",
      "C",
      "D",
      "E"
    ],
    "matrix": [
      [
        152,
        39,
        34,
        24,
        22
      ],
      [
        33,
        185,
        22,
        19,
        15
      ],
      [
        20,
        30,
        169,
        20,
        13
      ],
      [
        27,
        31,
        31,
        165,
        14
      ],
      [
        26,
        27,
        36,
        14,
        99
      ]
    ]
  },
  "coverage": {
    "mean": 3.473684210526316,
    "min": 2,
    "max": 6,
    "median": 3,
    "p25": 3,
    "p75": 4,
    "with_context": 1273,
    "without_context": 0
  },
  "elapsed_seconds": 843.6663749217987,
  "examples_per_second": 1.5088902886736444
}