{
  "total": 1273,
  "correct": 717,
  "accuracy": 0.5632364493322859,
  "with_context_count": 1273,
  "with_context_accuracy": 0.5632364493322859,
  "without_context_count": 0,
  "without_context_accuracy": 0.0,
  "by_subject": {
    "UNKNOWN": {
      "count": 1273,
      "accuracy": 0.5632364493322859
    }
  },
  "by_choice_type": {
    "single": {
      "count": 1273,
      "accuracy": 0.5632364493322859
    }
  },
  "confusion_matrix": {
    "labels": [
      "A",
      "B",
      "C",
      "D",
      "E"
    ],
    "matrix": [
      [
        161,
        28,
        36,
        32,
        16
      ],
      [
        45,
        159,
        26,
        22,
        25
      ],
      [
        30,
        19,
        154,
        24,
        25
      ],
      [
        40,
        22,
        34,
        150,
        23
      ],
      [
        30,
        16,
        42,
        21,
        93
      ]
    ]
  },
  "coverage": {
    "mean": 3.3440691280439907,
    "min": 2,
    "max": 6,
    "median": 3,
    "p25": 3,
    "p75": 4,
    "with_context": 1273,
    "without_context": 0
  },
  "elapsed_seconds": 574.5413098335266,
  "examples_per_second": 2.2156805406539903
}