{
  "total": 1273,
  "correct": 722,
  "accuracy": 0.5671641791044776,
  "with_context_count": 1273,
  "with_context_accuracy": 0.5671641791044776,
  "without_context_count": 0,
  "without_context_accuracy": 0.0,
  "by_subject": {
    "UNKNOWN": {
      "count": 1273,
      "accuracy": 0.5671641791044776
    }
  },
  "by_choice_type": {
    "single": {
      "count": 1273,
      "accuracy": 0.5671641791044776
    }
  },
  "confusion_matrix": {
    "labels": [
      "A",
      "B",
      "C",
      "D",
      "E"
    ],
    "matrix": [
      [
        166,
        25,
        35,
        31,
        16
      ],
      [
        41,
        162,
        28,
        25,
        21
      ],
      [
        26,
        18,
        151,
        30,
        27
      ],
      [
        41,
        18,
        35,
        155,
        20
      ],
      [
        29,
        16,
        47,
        21,
        88
      ]
    ]
  },
  "coverage": {
    "mean": 3.4846818538884525,
    "min": 2,
    "max": 6,
    "median": 3,
    "p25": 3,
    "p75": 4,
    "with_context": 1273,
    "without_context": 0
  },
  "elapsed_seconds": 690.8191163539886,
  "examples_per_second": 1.8427399732634078
}