{
  "total": 1273,
  "correct": 704,
  "accuracy": 0.5530243519245875,
  "with_context_count": 1273,
  "with_context_accuracy": 0.5530243519245875,
  "without_context_count": 0,
  "without_context_accuracy": 0.0,
  "by_subject": {
    "UNKNOWN": {
      "count": 1273,
      "accuracy": 0.5530243519245875
    }
  },
  "by_choice_type": {
    "single": {
      "count": 1273,
      "accuracy": 0.5530243519245875
    }
  },
  "confusion_matrix": {
    "labels": [
      "A",
      "B",
      "C",
      "D",
      "E"
    ],
    "matrix": [
      [
        149,
        35,
        44,
        22,
        23
      ],
      [
        36,
        166,
        38,
        21,
        16
      ],
      [
        21,
        38,
        156,
        22,
        15
      ],
      [
        35,
        40,
        32,
        149,
        13
      ],
      [
        32,
        40,
        32,
        14,
        84
      ]
    ]
  },
  "coverage": {
    "mean": 3.2333071484681852,
    "min": 2,
    "max": 5,
    "median": 3,
    "p25": 3,
    "p75": 3,
    "with_context": 1273,
    "without_context": 0
  },
  "elapsed_seconds": 2514.0128870010376,
  "examples_per_second": 0.5063617639281713
}