{
  "total": 1273,
  "correct": 718,
  "accuracy": 0.5640219952867243,
  "with_context_count": 1273,
  "with_context_accuracy": 0.5640219952867243,
  "without_context_count": 0,
  "without_context_accuracy": 0.0,
  "by_subject": {
    "UNKNOWN": {
      "count": 1273,
      "accuracy": 0.5640219952867243
    }
  },
  "by_choice_type": {
    "single": {
      "count": 1273,
      "accuracy": 0.5640219952867243
    }
  },
  "confusion_matrix": {
    "labels": [
      "A",
      "B",
      "C",
      "D",
      "E"
    ],
    "matrix": [
      [
        161,
        31,
        35,
        27,
        19
      ],
      [
        43,
        160,
        28,
        23,
        23
      ],
      [
        26,
        22,
        156,
        24,
        23
      ],
      [
        39,
        19,
        37,
        150,
        24
      ],
      [
        35,
        15,
        38,
        23,
        91
      ]
    ]
  },
  "coverage": {
    "mean": 3.350353495679497,
    "min": 2,
    "max": 6,
    "median": 3,
    "p25": 3,
    "p75": 4,
    "with_context": 1273,
    "without_context": 0
  },
  "elapsed_seconds": 1057.7563202381134,
  "examples_per_second": 1.2034907999542208
}