{
  "total": 1273,
  "correct": 763,
  "accuracy": 0.5993715632364494,
  "with_context_count": 1273,
  "with_context_accuracy": 0.5993715632364494,
  "without_context_count": 0,
  "without_context_accuracy": 0.0,
  "by_subject": {
    "UNKNOWN": {
      "count": 1273,
      "accuracy": 0.5993715632364494
    }
  },
  "by_choice_type": {
    "single": {
      "count": 1273,
      "accuracy": 0.5993715632364494
    }
  },
  "confusion_matrix": {
    "labels": [
      "A",
      "B",
      "C",
      "D",
      "E"
    ],
    "matrix": [
      [
        155,
        31,
        26,
        20,
        14
      ],
      [
        22,
        170,
        30,
        18,
        14
      ],
      [
        17,
        16,
        176,
        14,
        14
      ],
      [
        26,
        21,
        29,
        166,
        13
      ],
      [
        17,
        23,
        34,
        18,
        96
      ]
    ]
  },
  "coverage": {
    "mean": 11.921445404556167,
    "min": 10,
    "max": 12,
    "median": 12,
    "p25": 12,
    "p75": 12,
    "with_context": 1273,
    "without_context": 0
  },
  "elapsed_seconds": 1576.7694845199585,
  "examples_per_second": 0.8073469283226014
}