{
  "total": 1273,
  "correct": 684,
  "accuracy": 0.5373134328358209,
  "with_context_count": 1273,
  "with_context_accuracy": 0.5373134328358209,
  "without_context_count": 0,
  "without_context_accuracy": 0.0,
  "by_subject": {
    "UNKNOWN": {
      "count": 1273,
      "accuracy": 0.5373134328358209
    }
  },
  "by_choice_type": {
    "single": {
      "count": 1273,
      "accuracy": 0.5373134328358209
    }
  },
  "confusion_matrix": {
    "labels": [
      "A",
      "B",
      "C",
      "D",
      "E"
    ],
    "matrix": [
      [
        151,
        29,
        37,
        40,
        16
      ],
      [
        46,
        151,
        29,
        29,
        22
      ],
      [
        28,
        20,
        146,
        29,
        29
      ],
      [
        49,
        19,
        31,
        146,
        24
      ],
      [
        25,
        18,
        42,
        27,
        90
      ]
    ]
  },
  "coverage": {
    "mean": 3.432050274941084,
    "min": 2,
    "max": 5,
    "median": 3,
    "p25": 3,
    "p75": 4,
    "with_context": 1273,
    "without_context": 0
  },
  "elapsed_seconds": 609.4527921676636,
  "examples_per_second": 2.088758992262999
}