{
  "total": 1273,
  "correct": 766,
  "accuracy": 0.6017282010997643,
  "with_context_count": 1273,
  "with_context_accuracy": 0.6017282010997643,
  "without_context_count": 0,
  "without_context_accuracy": 0.0,
  "by_subject": {
    "UNKNOWN": {
      "count": 1273,
      "accuracy": 0.6017282010997643
    }
  },
  "by_choice_type": {
    "single": {
      "count": 1273,
      "accuracy": 0.6017282010997643
    }
  },
  "confusion_matrix": {
    "labels": [
      "A",
      "B",
      "C",
      "D",
      "E"
    ],
    "matrix": [
      [
        160,
        34,
        38,
        25,
        15
      ],
      [
        28,
        181,
        29,
        26,
        12
      ],
      [
        22,
        25,
        169,
        20,
        16
      ],
      [
        35,
        31,
        30,
        164,
        9
      ],
      [
        29,
        35,
        30,
        16,
        92
      ]
    ]
  },
  "coverage": {
    "mean": 3.436763550667714,
    "min": 2,
    "max": 5,
    "median": 3,
    "p25": 3,
    "p75": 4,
    "with_context": 1273,
    "without_context": 0
  },
  "elapsed_seconds": 844.5230457782745,
  "examples_per_second": 1.5073596941654333
}